Datetime,Water Level (m)
2025-02-12 00:00:00,-1.8190682
2025-02-12 01:00:00,-2.3479667
2025-02-12 02:00:00,-2.3138676
2025-02-12 03:00:00,-1.3646122
2025-02-12 04:00:00,-0.3629884
2025-02-12 05:00:00,0.50534874
2025-02-12 06:00:00,1.0370512
2025-02-12 07:00:00,1.1974467
2025-02-12 08:00:00,1.038356
2025-02-12 09:00:00,0.52890754
2025-02-12 10:00:00,-0.24072632
2025-02-12 11:00:00,-1.0648226
2025-02-12 12:00:00,-1.8088233
2025-02-12 13:00:00,-2.319326
2025-02-12 14:00:00,-2.210924
2025-02-12 15:00:00,-1.0764631
2025-02-12 16:00:00,-0.038568106
2025-02-12 17:00:00,0.884558
2025-02-12 18:00:00,1.474877
2025-02-12 19:00:00,1.6874529
2025-02-12 20:00:00,1.5442822
2025-02-12 21:00:00,0.98463136
2025-02-12 22:00:00,0.17188524
2025-02-12 23:00:00,-0.74624056
2025-02-13 00:00:00,-1.6513638
2025-02-13 01:00:00,-2.3501532
2025-02-13 02:00:00,-2.6713178
2025-02-13 03:00:00,-2.0204885
2025-02-13 04:00:00,-0.7522447
2025-02-13 05:00:00,0.23297234
2025-02-13 06:00:00,1.0059149
2025-02-13 07:00:00,1.2948393
2025-02-13 08:00:00,1.281382
2025-02-13 09:00:00,0.91174775
2025-02-13 10:00:00,0.21780552
2025-02-13 11:00:00,-0.60411006
2025-02-13 12:00:00,-1.4303677
2025-02-13 13:00:00,-2.1365745
2025-02-13 14:00:00,-2.4433386
2025-02-13 15:00:00,-1.8167485
2025-02-13 16:00:00,-0.59807885
2025-02-13 17:00:00,0.43649635
2025-02-13 18:00:00,1.31441
2025-02-13 19:00:00,1.6787225
2025-02-13 20:00:00,1.7004321
2025-02-13 21:00:00,1.328672
2025-02-13 22:00:00,0.59772485
2025-02-13 23:00:00,-0.29933667
2025-02-14 00:00:00,-1.2371491
2025-02-14 01:00:00,-2.1296668
2025-02-14 02:00:00,-2.597713
2025-02-14 03:00:00,-2.513677
2025-02-14 04:00:00,-1.2509589
2025-02-14 05:00:00,-0.18446578
2025-02-14 06:00:00,0.7082259
2025-02-14 07:00:00,1.2675723
2025-02-14 08:00:00,1.3956212
2025-02-14 09:00:00,1.1792119
2025-02-14 10:00:00,0.63034827
2025-02-14 11:00:00,-0.15877709
2025-02-14 12:00:00,-1.0006893
2025-02-14 13:00:00,-1.799686
2025-02-14 14:00:00,-2.3568406
2025-02-14 15:00:00,-2.331233
2025-02-14 16:00:00,-1.2046323
2025-02-14 17:00:00,-0.083394416
2025-02-14 18:00:00,0.879677
2025-02-14 19:00:00,1.4946555
2025-02-14 20:00:00,1.6695037
2025-02-14 21:00:00,1.4749945
2025-02-14 22:00:00,0.90716594
2025-02-14 23:00:00,0.09486063
2025-02-15 00:00:00,-0.79644954
2025-02-15 01:00:00,-1.6947557
2025-02-15 02:00:00,-2.3946342
2025-02-15 03:00:00,-2.6640346
2025-02-15 04:00:00,-1.8625289
2025-02-15 05:00:00,-0.64357644
2025-02-15 06:00:00,0.34703934
2025-02-15 07:00:00,1.1285814
2025-02-15 08:00:00,1.4034473
2025-02-15 09:00:00,1.3669777
2025-02-15 10:00:00,0.97607785
2025-02-15 11:00:00,0.27478644
2025-02-15 12:00:00,-0.543343
2025-02-15 13:00:00,-1.3793117
2025-02-15 14:00:00,-2.153411
2025-02-15 15:00:00,-2.4213557
2025-02-15 16:00:00,-1.872603
2025-02-15 17:00:00,-0.6395458
2025-02-15 18:00:00,0.3683722
2025-02-15 19:00:00,1.2167847
2025-02-15 20:00:00,1.5456283
2025-02-15 21:00:00,1.530818
2025-02-15 22:00:00,1.1348791
2025-02-15 23:00:00,0.4175282
2025-02-16 00:00:00,-0.4346285
2025-02-16 01:00:00,-1.3365444
2025-02-16 02:00:00,-2.161102
2025-02-16 03:00:00,-2.5664003
2025-02-16 04:00:00,-2.3559484
2025-02-16 05:00:00,-1.1179883
2025-02-16 06:00:00,-0.08830509
2025-02-16 07:00:00,0.7942634
2025-02-16 08:00:00,1.2841511
2025-02-16 09:00:00,1.4074472
2025-02-16 10:00:00,1.1818038
2025-02-16 11:00:00,0.6254739
2025-02-16 12:00:00,-0.13522997
2025-02-16 13:00:00,-0.9423241
2025-02-16 14:00:00,-1.7091067
2025-02-16 15:00:00,-2.2376208
2025-02-16 16:00:00,-2.2343383
2025-02-16 17:00:00,-1.187761
2025-02-16 18:00:00,-0.14017852
2025-02-16 19:00:00,0.76881146
2025-02-16 20:00:00,1.3171921
2025-02-16 21:00:00,1.4631095
2025-02-16 22:00:00,1.2409652
2025-02-16 23:00:00,0.66944826
2025-02-17 00:00:00,-0.11160391
2025-02-17 01:00:00,-0.94668114
2025-02-17 02:00:00,-1.7566408
2025-02-17 03:00:00,-2.369957
2025-02-17 04:00:00,-2.503289
2025-02-17 05:00:00,-1.670407
2025-02-17 06:00:00,-0.6074302
2025-02-17 07:00:00,0.28757024
2025-02-17 08:00:00,1.0093479
2025-02-17 09:00:00,1.2858597
2025-02-17 10:00:00,1.2601969
2025-02-17 11:00:00,0.8754097
2025-02-17 12:00:00,0.22721852
2025-02-17 13:00:00,-0.5336555
2025-02-17 14:00:00,-1.2999823
2025-02-17 15:00:00,-1.8919973
2025-02-17 16:00:00,-2.212153
2025-02-17 17:00:00,-1.7208805
2025-02-17 18:00:00,-0.68869233
2025-02-17 19:00:00,0.18243505
2025-02-17 20:00:00,0.88502073
2025-02-17 21:00:00,1.181475
2025-02-17 22:00:00,1.1743251
2025-02-17 23:00:00,0.8240925
2025-02-18 00:00:00,0.19268827
